{"0.1037908473834459":{"user_id":1},"0.007175107065936492":{"user_id":1},"0.2596423420401994":{"user_id":1},"0.8790811977028163":{"user_id":1},"0.14063476530718155":{"user_id":1}}